date,close
2016-02-08,7387.25
2016-02-09,7298.2
2016-02-10,7215.7
2016-02-11,6976.35
2016-02-12,6980.95
2016-02-15,7162.95
2016-02-16,7048.25
2016-02-17,7108.45
2016-02-18,7191.75
2016-02-19,7210.75
2016-02-22,7234.55
2016-02-23,7109.55
2016-02-24,7018.7
2016-02-25,6970.6
2016-02-26,7029.75
2016-02-29,6987.05
2016-03-01,7222.3
2016-03-02,7368.85
2016-03-03,7475.6
2016-03-04,7485.35
2016-03-08,7485.3
2016-03-09,7531.8
2016-03-10,7486.15
2016-03-11,7510.2
2016-03-14,7538.75
2016-03-15,7460.6
2016-03-16,7498.75
2016-03-17,7512.55
2016-03-18,7604.35
2016-03-21,7704.25
2016-03-22,7714.9
2016-03-23,7716.5
2016-03-28,7615.1
2016-03-29,7597.0
2016-03-30,7735.2
2016-03-31,7738.4
2016-04-01,7713.05
2016-04-04,7758.8
2016-04-05,7603.2
2016-04-06,7614.35
2016-04-07,7546.45
2016-04-08,7555.2
2016-04-11,7671.4
2016-04-12,7708.95
2016-04-13,7850.45
2016-04-18,7914.7
2016-04-20,7914.75
2016-04-21,7912.05
2016-04-22,7899.3
2016-04-25,7855.05
2016-04-26,7962.65
2016-04-27,7979.9
2016-04-28,7847.25
2016-04-29,7849.8
2016-05-02,7805.9
2016-05-03,7747.0
2016-05-04,7706.55
2016-05-05,7735.5
2016-05-06,7733.45
2016-05-09,7866.05
2016-05-10,7887.8
2016-05-11,7848.85
2016-05-12,7900.4
2016-05-13,7814.9
2016-05-16,7860.75
2016-05-17,7890.75
2016-05-18,7870.15
2016-05-19,7783.4
2016-05-20,7749.7
2016-05-23,7731.05
2016-05-24,7748.85
2016-05-25,7934.9
2016-05-26,8069.65
2016-05-27,8156.65
2016-05-30,8178.5
2016-05-31,8160.1
2016-06-01,8179.95
2016-06-02,8218.95
2016-06-03,8220.8
2016-06-06,8201.05
2016-06-07,8266.45
2016-06-08,8273.05
2016-06-09,8203.6
2016-06-10,8170.05
2016-06-13,8110.6
2016-06-14,8108.85
2016-06-15,8206.6
2016-06-16,8140.75
2016-06-17,8170.2
2016-06-20,8238.5
2016-06-21,8219.9
2016-06-22,8203.7
2016-06-23,8270.45
2016-06-24,8088.6
2016-06-27,8094.7
2016-06-28,8127.85
2016-06-29,8204.0
2016-06-30,8287.75
2016-07-01,8328.35
2016-07-04,8370.7
2016-07-05,8335.95
2016-07-07,8337.9
2016-07-08,8323.2
2016-07-11,8467.9
2016-07-12,8521.05
2016-07-13,8519.5
2016-07-14,8565.0
2016-07-15,8541.4
2016-07-18,8508.7
2016-07-19,8528.55
2016-07-20,8565.85
2016-07-21,8510.1
2016-07-22,8541.2
2016-07-25,8635.65
2016-07-26,8590.65
2016-07-27,8615.8
2016-07-28,8666.3
2016-07-29,8638.5
2016-08-01,8636.55
2016-08-02,8622.9
2016-08-03,8544.85
2016-08-04,8551.1
2016-08-05,8683.15
2016-08-08,8711.35
2016-08-09,8678.25
2016-08-10,8575.3
2016-08-11,8592.15
2016-08-12,8672.15
2016-08-16,8642.55
2016-08-17,8624.05
2016-08-18,8673.25
2016-08-19,8666.9
2016-08-22,8629.15
2016-08-23,8632.6
2016-08-24,8650.3
2016-08-25,8592.2
2016-08-26,8572.55
2016-08-29,8607.45
2016-08-30,8744.35
2016-08-31,8786.2
2016-09-01,8774.65
2016-09-02,8809.65
2016-09-06,8943.0
2016-09-07,8917.95
2016-09-08,8952.5
2016-09-09,8866.7
2016-09-12,8715.6
2016-09-14,8726.6
2016-09-15,8742.55
2016-09-16,8779.85
2016-09-19,8808.4
2016-09-20,8775.9
2016-09-21,8777.15
2016-09-22,8867.45
2016-09-23,8831.55
2016-09-26,8723.05
2016-09-27,8706.4
2016-09-28,8745.15
2016-09-29,8591.25
2016-09-30,8611.15
2016-10-03,8738.1
2016-10-04,8769.15
2016-10-05,8743.95
2016-10-06,8709.55
2016-10-07,8697.6
2016-10-10,8708.8
2016-10-13,8573.35
2016-10-14,8583.4
2016-10-17,8520.4
2016-10-18,8677.9
2016-10-19,8659.1
2016-10-20,8699.4
2016-10-21,8693.05
2016-10-24,8708.95
2016-10-25,8691.3
2016-10-26,8615.25
2016-10-27,8615.25
2016-10-28,8638.0
2016-10-30,8625.7
2016-11-01,8626.25
2016-11-02,8514.0
2016-11-03,8484.95
2016-11-04,8433.75
2016-11-07,8497.05
2016-11-08,8543.55
2016-11-09,8432.0
2016-11-10,8525.75
2016-11-11,8296.3
2016-11-15,8108.45
2016-11-16,8111.6
2016-11-17,8079.95
2016-11-18,8074.1
2016-11-21,7929.1
2016-11-22,8002.3
2016-11-23,8033.3
2016-11-24,7965.5
2016-11-25,8114.3
2016-11-28,8126.9
2016-11-29,8142.15
2016-11-30,8224.5
2016-12-01,8192.9
2016-12-02,8086.8
2016-12-05,8128.75
2016-12-06,8143.15
2016-12-07,8102.05
2016-12-08,8246.85
2016-12-09,8261.75
2016-12-12,8170.8
2016-12-13,8221.8
2016-12-14,8182.45
2016-12-15,8153.6
2016-12-16,8139.45
2016-12-19,8104.35
2016-12-20,8082.4
2016-12-21,8061.3
2016-12-22,7979.1
2016-12-23,7985.75
2016-12-26,7908.25
2016-12-27,8032.85
2016-12-28,8034.85
2016-12-29,8103.6
2016-12-30,8185.8
2017-01-02,8179.5
2017-01-03,8192.25
2017-01-04,8190.5
2017-01-05,8273.8
2017-01-06,8243.8
2017-01-09,8236.05
2017-01-10,8288.6
2017-01-11,8380.65
2017-01-12,8407.2
2017-01-13,8400.35
2017-01-16,8412.8
2017-01-17,8398.0
2017-01-18,8417.0
2017-01-19,8435.1
2017-01-20,8349.35
2017-01-23,8391.5
2017-01-24,8475.8
2017-01-25,8602.75
2017-01-27,8641.25
2017-01-30,8632.75
2017-01-31,8561.3
2017-02-01,8716.4
2017-02-02,8734.25
2017-02-03,8740.95
2017-02-06,8801.05
2017-02-07,8768.3
2017-02-08,8769.05
2017-02-09,8778.4
2017-02-10,8793.55
2017-02-13,8805.05
2017-02-14,8792.3
2017-02-15,8724.7
2017-02-16,8778.0
2017-02-17,8821.7
2017-02-20,8879.2
2017-02-21,8907.85
2017-02-22,8926.9
2017-02-23,8939.5
2017-02-27,8896.7
2017-02-28,8879.6
2017-03-01,8945.8
2017-03-02,8899.75
2017-03-03,8897.55
2017-03-06,8963.45
2017-03-07,8946.9
2017-03-08,8924.3
2017-03-09,8927.0
2017-03-10,8934.55
2017-03-14,9087.0
2017-03-15,9084.8
2017-03-16,9153.7
2017-03-17,9160.05
2017-03-20,9126.85
2017-03-21,9121.5
2017-03-22,9030.45
2017-03-23,9086.3
2017-03-24,9108.0
2017-03-27,9045.2
2017-03-28,9100.8
2017-03-29,9143.8
2017-03-30,9173.75
2017-03-31,9173.75
2017-04-03,9237.85
2017-04-05,9265.15
2017-04-06,9261.95
2017-04-07,9198.3
2017-04-10,9181.45
2017-04-11,9237.0
2017-04-12,9203.45
2017-04-13,9150.8
2017-04-17,9139.3
2017-04-18,9105.15
2017-04-19,9103.5
2017-04-20,9136.4
2017-04-21,9119.4
2017-04-24,9217.95
2017-04-25,9306.6
2017-04-26,9351.85
2017-04-27,9342.15
2017-04-28,9304.05
2017-05-02,9313.8
2017-05-03,9311.95
2017-05-04,9359.9
2017-05-05,9285.3
2017-05-08,9314.05
2017-05-09,9316.85
2017-05-10,9407.3
2017-05-11,9422.4
2017-05-12,9400.9
2017-05-15,9445.4
2017-05-16,9512.25
2017-05-17,9525.75
2017-05-18,9429.45
2017-05-19,9427.9
2017-05-22,9438.25
2017-05-23,9386.15
2017-05-24,9360.55
2017-05-25,9509.75
2017-05-26,9595.1
2017-05-29,9604.9
2017-05-30,9624.55
2017-05-31,9621.25
2017-06-01,9616.1
2017-06-02,9653.5
2017-06-05,9675.1
2017-06-06,9637.15
2017-06-07,9663.9
2017-06-08,9647.25
2017-06-09,9668.25
2017-06-12,9616.4
2017-06-13,9606.9
2017-06-14,9618.15
2017-06-15,9578.05
2017-06-16,9588.05
2017-06-19,9657.55
2017-06-20,9653.5
2017-06-21,9633.6
2017-06-22,9630.0
2017-06-23,9574.95
2017-06-27,9511.4
2017-06-28,9491.25
2017-06-29,9504.1
2017-06-30,9520.9
2017-07-03,9615.0
2017-07-04,9613.3
2017-07-05,9637.6
2017-07-06,9674.55
2017-07-07,9665.8
2017-07-10,9771.05
2017-07-11,9786.05
2017-07-12,9816.1
2017-07-13,9891.7
2017-07-14,9886.35
2017-07-17,9915.95
2017-07-18,9827.15
2017-07-19,9899.6
2017-07-20,9873.3
2017-07-21,9915.25
2017-07-24,9966.4
2017-07-25,9964.55
2017-07-26,10020.65
2017-07-27,10020.55
2017-07-28,10014.5
2017-07-31,10077.1
2017-08-01,10114.65
2017-08-02,10081.5
2017-08-03,10013.65
2017-08-04,10066.4
2017-08-07,10057.4
2017-08-08,9978.55
2017-08-09,9908.05
2017-08-10,9820.25
2017-08-11,9710.8
2017-08-14,9794.15
2017-08-16,9897.3
2017-08-17,9904.15
2017-08-18,9837.4
2017-08-21,9754.35
2017-08-22,9765.55
2017-08-23,9852.5
2017-08-24,9857.05
2017-08-28,9912.8
2017-08-29,9796.05
2017-08-30,9884.4
2017-08-31,9917.9
2017-09-01,9974.4
2017-09-04,9912.85
2017-09-05,9952.2
2017-09-06,9916.2
2017-09-07,9929.9
2017-09-08,9934.8
2017-09-11,10006.05
2017-09-12,10093.05
2017-09-13,10079.3
2017-09-14,10086.6
2017-09-15,10085.4
2017-09-18,10153.1
2017-09-19,10147.55
2017-09-20,10141.15
2017-09-21,10121.9
2017-09-22,9964.4
2017-09-25,9872.6
2017-09-26,9871.5
2017-09-27,9735.75
2017-09-28,9768.95
2017-09-29,9788.6
2017-10-03,9859.5
2017-10-04,9914.9
2017-10-05,9888.7
2017-10-06,9979.7
2017-10-09,9988.75
2017-10-10,10016.95
2017-10-11,9984.8
2017-10-12,10096.4
2017-10-13,10167.45
2017-10-16,10230.85
2017-10-17,10234.45
2017-10-18,10210.85
2017-10-19,10146.55
2017-10-23,10184.85
2017-10-24,10207.7
2017-10-25,10295.35
2017-10-26,10343.8
2017-10-27,10323.05
2017-10-30,10363.65
2017-10-31,10335.3
2017-11-01,10440.5
2017-11-02,10423.8
2017-11-03,10452.5
2017-11-06,10451.8
2017-11-07,10350.15
2017-11-08,10303.15
2017-11-09,10308.95
2017-11-10,10321.75
2017-11-13,10224.95
2017-11-14,10186.6
2017-11-15,10118.05
2017-11-16,10214.75
2017-11-17,10283.6
2017-11-20,10298.75
2017-11-21,10326.9
2017-11-22,10342.3
2017-11-23,10348.75
2017-11-24,10389.7
2017-11-27,10399.55
2017-11-28,10370.25
2017-11-29,10361.3
2017-11-30,10226.55
2017-12-01,10121.8
2017-12-04,10127.75
2017-12-05,10118.25
2017-12-06,10044.1
2017-12-07,10166.7
2017-12-08,10265.65
2017-12-11,10322.25
2017-12-12,10240.15
2017-12-13,10192.95
2017-12-14,10252.1
2017-12-15,10333.25
2017-12-18,10388.75
2017-12-19,10463.2
2017-12-20,10444.2
2017-12-21,10440.3
2017-12-22,10493.0
2017-12-26,10531.5
2017-12-27,10490.75
2017-12-28,10477.9
2017-12-29,10530.7
2018-01-01,10435.55
2018-01-02,10442.2
2018-01-03,10443.2
2018-01-04,10504.8
2018-01-05,10558.85
2018-01-08,10623.6
2018-01-09,10637.0
2018-01-10,10632.2
2018-01-11,10651.2
2018-01-12,10681.25
2018-01-15,10741.55
2018-01-16,10700.45
2018-01-17,10788.55
2018-01-18,10817.0
2018-01-19,10894.7
2018-01-22,10966.2
2018-01-23,11083.7
2018-01-24,11086.0
2018-01-25,11069.65
2018-01-29,11130.4
2018-01-30,11049.65
2018-01-31,11027.7
2018-02-01,11016.9
2018-02-02,10760.6
2018-02-05,10666.55
2018-02-06,10498.25
2018-02-07,10476.7
2018-02-08,10576.85
2018-02-09,10454.95
2018-02-12,10539.75
2018-02-14,10500.9
2018-02-15,10545.5
2018-02-16,10452.3
2018-02-19,10378.4
2018-02-20,10360.4
2018-02-21,10397.45
2018-02-22,10382.7
2018-02-23,10491.05
2018-02-26,10582.6
2018-02-27,10554.3
2018-02-28,10492.85
2018-03-01,10458.35
2018-03-05,10358.85
2018-03-06,10249.25
2018-03-07,10154.2
2018-03-08,10242.65
2018-03-09,10226.85
2018-03-12,10421.4
2018-03-13,10426.85
2018-03-14,10410.9
2018-03-15,10360.15
2018-03-16,10195.15
2018-03-19,10094.25
2018-03-20,10124.35
2018-03-21,10155.25
2018-03-22,10114.75
2018-03-23,9998.05
2018-03-26,10130.65
2018-03-27,10184.15
2018-03-28,10113.7
2018-04-02,10211.8
2018-04-03,10245.0
2018-04-04,10128.4
2018-04-05,10325.15
2018-04-06,10331.6
2018-04-09,10379.35
2018-04-10,10402.25
2018-04-11,10417.15
2018-04-12,10458.65
2018-04-13,10480.6
2018-04-16,10528.35
2018-04-17,10548.7
2018-04-18,10526.2
2018-04-19,10565.3
2018-04-20,10564.05
2018-04-23,10584.7
2018-04-24,10614.35
2018-04-25,10570.55
2018-04-26,10617.8
2018-04-27,10692.3
2018-04-30,10739.35
2018-05-02,10718.05
2018-05-03,10679.65
2018-05-04,10618.25
2018-05-07,10715.5
2018-05-08,10717.8
2018-05-09,10741.7
2018-05-10,10716.55
2018-05-11,10806.5
2018-05-14,10806.6
2018-05-15,10801.85
2018-05-16,10741.1
2018-05-17,10682.7
2018-05-18,10596.4
2018-05-21,10516.7
2018-05-22,10536.7
2018-05-23,10430.35
2018-05-24,10513.85
2018-05-25,10605.15
2018-05-28,10688.65
2018-05-29,10633.3
2018-05-30,10614.35
2018-05-31,10736.15
2018-06-01,10696.2
2018-06-04,10628.5
2018-06-05,10593.15
2018-06-06,10684.65
2018-06-07,10768.35
2018-06-08,10767.65
2018-06-11,10786.95
2018-06-12,10842.85
2018-06-13,10856.7
2018-06-14,10808.05
2018-06-15,10817.7
2018-06-18,10799.85
2018-06-19,10710.45
2018-06-20,10772.05
2018-06-21,10741.1
2018-06-22,10821.85
2018-06-25,10762.45
2018-06-26,10769.15
2018-06-27,10671.4
2018-06-28,10589.1
2018-06-29,10714.3
2018-07-02,10657.3
2018-07-03,10699.9
2018-07-04,10769.9
2018-07-05,10749.75
2018-07-06,10772.65
2018-07-09,10852.9
2018-07-10,10947.25
2018-07-11,10948.3
2018-07-12,11023.2
2018-07-13,11018.9
2018-07-16,10936.85
2018-07-17,11008.05
2018-07-18,10980.45
2018-07-19,10957.1
2018-07-20,11010.2
2018-07-23,11084.75
2018-07-24,11134.3
2018-07-25,11132.0
2018-07-26,11167.3
2018-07-27,11278.35
2018-07-30,11319.55
2018-07-31,11356.5
2018-08-01,11346.2
2018-08-02,11244.7
2018-08-03,11360.8
2018-08-06,11387.1
2018-08-07,11389.45
2018-08-08,11450.0
2018-08-09,11470.7
2018-08-10,11429.5
2018-08-13,11355.75
2018-08-14,11435.1
2018-08-16,11385.05
2018-08-17,11470.75
2018-08-20,11551.75
2018-08-21,11570.9
2018-08-23,11582.75
2018-08-24,11557.1
2018-08-27,11691.95
2018-08-28,11738.5
2018-08-29,11691.9
2018-08-30,11676.8
2018-08-31,11680.5
2018-09-03,11582.35
2018-09-04,11520.3
2018-09-05,11476.95
2018-09-06,11536.9
2018-09-07,11589.1
2018-09-10,11438.1
2018-09-11,11287.5
2018-09-12,11369.9
2018-09-14,11515.2
2018-09-17,11377.75
2018-09-18,11278.9
2018-09-19,11234.35
2018-09-21,11143.1
2018-09-24,10967.4
2018-09-25,11067.45
2018-09-26,11053.8
2018-09-27,10977.55
2018-09-28,10930.45
2018-10-01,11008.3
2018-10-03,10858.25
2018-10-04,10599.25
2018-10-05,10316.45
2018-10-08,10348.05
2018-10-09,10301.05
2018-10-10,10460.1
2018-10-11,10234.65
2018-10-12,10472.5
2018-10-15,10512.5
2018-10-16,10584.75
2018-10-17,10453.05
2018-10-19,10303.55
2018-10-22,10245.25
2018-10-23,10146.8
2018-10-24,10224.75
2018-10-25,10124.9
2018-10-26,10030.0
2018-10-29,10250.85
2018-10-30,10198.4
2018-10-31,10386.6
2018-11-01,10380.45
2018-11-02,10553.0
2018-11-05,10524.0
2018-11-06,10530.0
2018-11-07,10598.4
2018-11-09,10585.2
2018-11-12,10482.2
2018-11-13,10582.5
2018-11-14,10576.3
2018-11-15,10616.7
2018-11-16,10682.2
2018-11-19,10763.4
2018-11-20,10656.2
2018-11-21,10600.05
2018-11-22,10526.75
2018-11-26,10628.6
2018-11-27,10685.6
2018-11-28,10728.85
2018-11-29,10858.7
2018-11-30,10876.75
2018-12-03,10883.75
2018-12-04,10869.5
2018-12-05,10782.9
2018-12-06,10601.15
2018-12-07,10693.7
2018-12-10,10488.45
2018-12-11,10549.15
2018-12-12,10737.6
2018-12-13,10791.55
2018-12-14,10805.45
2018-12-17,10888.35
2018-12-18,10908.7
2018-12-19,10967.3
2018-12-20,10951.7
2018-12-21,10754.0
2018-12-24,10663.5
2018-12-26,10729.85
2018-12-27,10779.8
2018-12-28,10859.9
2018-12-31,10862.55
2019-01-01,10910.1
2019-01-02,10792.5
2019-01-03,10672.25
2019-01-04,10727.35
2019-01-07,10771.8
2019-01-08,10802.15
2019-01-09,10855.15
2019-01-10,10821.6
2019-01-11,10794.95
2019-01-14,10737.6
2019-01-15,10886.8
2019-01-16,10890.3
2019-01-17,10905.2
2019-01-18,10906.95
2019-01-21,10961.85
2019-01-22,10922.75
2019-01-23,10831.5
2019-01-24,10849.8
2019-01-25,10780.55
2019-01-28,10661.55
2019-01-29,10652.2
2019-01-30,10651.8
2019-01-31,10830.95
2019-02-01,10893.65
2019-02-04,10912.25
2019-02-05,10934.35
2019-02-06,11062.45
2019-02-07,11069.4
2019-02-08,10943.6
2019-02-11,10888.8
2019-02-12,10831.4
2019-02-13,10793.65
2019-02-14,10746.05
2019-02-15,10724.4
2019-02-18,10640.95
2019-02-19,10604.35
2019-02-20,10735.45
2019-02-21,10789.85
2019-02-22,10791.65
2019-02-25,10880.1
2019-02-26,10835.3
2019-02-27,10806.65
2019-02-28,10792.5
2019-03-01,10863.5
2019-03-05,10987.45
2019-03-06,11053.0
2019-03-07,11058.2
2019-03-08,11035.4
2019-03-11,11168.05
2019-03-12,11301.2
2019-03-13,11341.7
2019-03-14,11343.25
2019-03-15,11426.85
2019-03-18,11462.2
2019-03-19,11532.4
2019-03-20,11521.05
2019-03-22,11456.9
2019-03-25,11354.25
2019-03-26,11483.25
2019-03-27,11445.05
2019-03-28,11570.0
2019-03-29,11623.9
2019-04-01,11669.15
2019-04-02,11713.2
2019-04-03,11643.95
2019-04-04,11598.0
2019-04-05,11665.95
2019-04-08,11604.5
2019-04-09,11671.95
2019-04-10,11584.3
2019-04-11,11596.7
2019-04-12,11643.45
2019-04-15,11690.35
2019-04-16,11787.15
2019-04-18,11752.8
2019-04-22,11594.45
2019-04-23,11575.95
2019-04-24,11726.15
2019-04-25,11641.8
2019-04-26,11754.65
2019-04-30,11748.15
2019-05-02,11724.75
2019-05-03,11712.25
2019-05-06,11598.25
2019-05-07,11497.9
2019-05-08,11359.45
2019-05-09,11301.8
2019-05-10,11278.9
2019-05-13,11148.2
2019-05-14,11222.05
2019-05-15,11157.0
2019-05-16,11257.1
2019-05-17,11407.15
2019-05-20,11828.25
2019-05-21,11709.1
2019-05-22,11737.9
2019-05-23,11657.05
2019-05-24,11844.1
2019-05-27,11924.75
2019-05-28,11928.75
2019-05-29,11861.1
2019-05-30,11945.9
2019-05-31,11922.8
2019-06-03,12088.55
2019-06-04,12021.65
2019-06-06,11843.75
2019-06-07,11870.65
2019-06-10,11922.7
2019-06-11,11965.6
2019-06-12,11906.2
2019-06-13,11914.05
2019-06-14,11823.3
2019-06-17,11672.15
2019-06-18,11691.5
2019-06-19,11691.45
2019-06-20,11831.75
2019-06-21,11724.1
2019-06-24,11699.65
2019-06-25,11796.45
2019-06-26,11847.55
2019-06-27,11841.55
2019-06-28,11788.85
2019-07-01,11865.6
2019-07-02,11910.3
2019-07-03,11916.75
2019-07-04,11946.75
2019-07-05,11811.15
2019-07-08,11558.6
2019-07-09,11555.9
2019-07-10,11498.9
2019-07-11,11582.9
2019-07-12,11552.5
2019-07-15,11588.35
2019-07-16,11662.6
2019-07-17,11687.5
2019-07-18,11596.9
2019-07-19,11419.25
2019-07-22,11346.2
2019-07-23,11331.05
2019-07-24,11271.3
2019-07-25,11252.15
2019-07-26,11284.3
2019-07-29,11189.2
2019-07-30,11085.4
2019-07-31,11118.0
2019-08-01,10980.0
2019-08-02,10997.35
2019-08-05,10862.6
2019-08-06,10948.25
2019-08-07,10855.5
2019-08-08,11032.45
2019-08-09,11109.65
2019-08-13,10925.85
2019-08-14,11029.4
2019-08-16,11047.8
2019-08-19,11053.9
2019-08-20,11017.0
2019-08-21,10918.7
2019-08-22,10741.35
2019-08-23,10829.35
2019-08-26,11057.85
2019-08-27,11105.35
2019-08-28,11046.1
2019-08-29,10948.3
2019-08-30,11023.25
2019-09-03,10797.9
2019-09-04,10844.65
2019-09-05,10847.9
2019-09-06,10946.2
2019-09-09,11003.05
2019-09-11,11035.7
2019-09-12,10982.8
2019-09-13,11075.9
2019-09-16,11003.5
2019-09-17,10817.6
2019-09-18,10840.65
2019-09-19,10704.8
2019-09-20,11274.2
2019-09-23,11600.2
2019-09-24,11588.2
2019-09-25,11440.2
2019-09-26,11571.2
2019-09-27,11512.4
2019-09-30,11474.45
2019-10-01,11359.9
2019-10-03,11314.0
2019-10-04,11174.75
2019-10-07,11126.4
2019-10-09,11313.3
2019-10-10,11234.55
2019-10-11,11305.05
2019-10-14,11341.15
2019-10-15,11428.3
2019-10-16,11464.0
2019-10-17,11586.35
2019-10-18,11661.85
2019-10-22,11588.35
2019-10-23,11604.1
2019-10-24,11582.6
2019-10-25,11583.9
2019-10-27,11627.15
2019-10-29,11786.85
2019-10-30,11844.1
2019-10-31,11877.45
2019-11-01,11890.6
2019-11-04,11941.3
2019-11-05,11917.2
2019-11-06,11966.05
2019-11-07,12012.05
2019-11-08,11908.15
2019-11-11,11913.45
2019-11-13,11840.45
2019-11-14,11872.1
2019-11-15,11895.45
2019-11-18,11884.5
2019-11-19,11940.1
2019-11-20,11999.1
2019-11-21,11968.4
2019-11-22,11914.4
2019-11-25,12073.75
2019-11-26,12037.7
2019-11-27,12100.7
2019-11-28,12151.15
2019-11-29,12056.05
2019-12-02,12048.2
2019-12-03,11994.2
2019-12-04,12043.2
2019-12-05,12018.4
2019-12-06,11921.5
2019-12-09,11937.5
2019-12-10,11856.8
2019-12-11,11910.15
2019-12-12,11971.8
2019-12-13,12086.7
2019-12-16,12053.95
2019-12-17,12165.0
2019-12-18,12221.65
2019-12-19,12259.7
2019-12-20,12271.8
2019-12-23,12262.75
2019-12-24,12214.55
2019-12-26,12126.55
2019-12-27,12245.8
2019-12-30,12255.85
2019-12-31,12168.45
2020-01-01,12182.5
2020-01-02,12282.2
2020-01-03,12226.65
2020-01-06,11993.05
2020-01-07,12052.95
2020-01-08,12025.35
2020-01-09,12215.9
2020-01-10,12256.8
2020-01-13,12329.55
2020-01-14,12362.3
2020-01-15,12343.3
2020-01-16,12355.5
2020-01-17,12352.35
2020-01-20,12224.55
2020-01-21,12169.85
2020-01-22,12106.9
2020-01-23,12180.35
2020-01-24,12248.25
2020-01-27,12119.0
2020-01-28,12055.8
2020-01-29,12129.5
2020-01-30,12035.8
2020-01-31,11962.1
2020-02-01,11661.85
2020-02-03,11707.9
2020-02-04,11979.65
2020-02-05,12089.15
2020-02-06,12137.95
2020-02-07,12098.35
2020-02-10,12031.5
2020-02-11,12107.9
2020-02-12,12201.2
2020-02-13,12174.65
2020-02-14,12113.45
2020-02-17,12045.8
2020-02-18,11992.5
2020-02-19,12125.9
2020-02-20,12080.85
2020-02-24,11829.4
2020-02-25,11797.9
2020-02-26,11678.5
2020-02-27,11633.3
2020-02-28,11201.75
2020-03-02,11132.75
2020-03-03,11303.3
2020-03-04,11251.0
2020-03-05,11269.0
2020-03-06,10989.45
2020-03-09,10451.45
2020-03-11,10458.4
2020-03-12,9590.15
2020-03-13,9955.2
2020-03-16,9197.4
2020-03-17,8967.05
2020-03-18,8468.8
2020-03-19,8263.45
2020-03-20,8745.45
2020-03-23,7610.25
2020-03-24,7801.05
2020-03-25,8317.85
2020-03-26,8641.45
2020-03-27,8660.25
2020-03-30,8281.1
2020-03-31,8597.75
2020-04-01,8253.8
2020-04-03,8083.8
2020-04-07,8792.2
2020-04-08,8748.75
2020-04-09,9111.9
2020-04-13,8993.85
2020-04-15,8925.3
2020-04-16,8992.8
2020-04-17,9266.75
2020-04-20,9261.85
2020-04-21,8981.45
2020-04-22,9187.3
2020-04-23,9313.9
2020-04-24,9154.4
2020-04-27,9282.3
2020-04-28,9380.9
2020-04-29,9553.35
2020-04-30,9859.9
2020-05-04,9293.5
2020-05-05,9205.6
2020-05-06,9270.9
2020-05-07,9199.05
2020-05-08,9251.5
2020-05-11,9239.2
2020-05-12,9196.55
2020-05-13,9383.55
2020-05-14,9142.75
2020-05-15,9136.85
2020-05-18,8823.25
2020-05-19,8879.1
2020-05-20,9066.55
2020-05-21,9106.25
2020-05-22,9039.25
2020-05-26,9029.05
2020-05-27,9314.95
2020-05-28,9490.1
2020-05-29,9580.3
2020-06-01,9826.15
2020-06-02,9979.1
2020-06-03,10061.55
2020-06-04,10029.1
2020-06-05,10142.15
2020-06-08,10167.45
2020-06-09,10046.65
2020-06-10,10116.15
2020-06-11,9902.0
2020-06-12,9972.9
2020-06-15,9813.7
2020-06-16,9914.0
2020-06-17,9881.15
2020-06-18,10091.65
2020-06-19,10244.4
2020-06-22,10311.2
2020-06-23,10471.0
2020-06-24,10305.3
2020-06-25,10288.9
2020-06-26,10383.0
2020-06-29,10312.4
2020-06-30,10302.1
2020-07-01,10430.05
2020-07-02,10551.7
2020-07-03,10607.35
2020-07-06,10763.65
2020-07-07,10799.65
2020-07-08,10705.75
2020-07-09,10813.45
2020-07-10,10768.05
2020-07-13,10802.7
2020-07-14,10607.35
2020-07-15,10618.2
2020-07-16,10739.95
2020-07-17,10901.7
2020-07-20,11022.2
2020-07-21,11162.25
2020-07-22,11132.6
2020-07-23,11215.45
2020-07-24,11194.15
2020-07-27,11131.8
2020-07-28,11300.55
2020-07-29,11202.85
2020-07-30,11102.15
2020-07-31,11073.45
2020-08-03,10891.6
2020-08-04,11095.25
2020-08-05,11101.65
2020-08-06,11200.15
2020-08-07,11214.05
2020-08-10,11270.15
2020-08-11,11322.5
2020-08-12,11308.4
2020-08-13,11300.45
2020-08-14,11178.4
2020-08-17,11247.1
2020-08-18,11385.35
2020-08-19,11408.4
2020-08-20,11312.2
2020-08-21,11371.6
2020-08-24,11466.45
2020-08-25,11472.25
2020-08-26,11549.6
2020-08-27,11559.25
2020-08-28,11647.6
2020-08-31,11387.5
2020-09-01,11470.25
2020-09-02,11535.0
2020-09-03,11527.45
2020-09-04,11333.85
2020-09-07,11355.05
2020-09-08,11317.35
2020-09-09,11278.0
2020-09-10,11449.25
2020-09-11,11464.45
2020-09-14,11440.05
2020-09-15,11521.8
2020-09-16,11604.55
2020-09-17,11516.1
2020-09-18,11504.95
2020-09-21,11250.55
2020-09-22,11153.65
2020-09-23,11131.85
2020-09-24,10805.55
2020-09-25,11050.25
2020-09-28,11227.55
2020-09-29,11222.4
2020-09-30,11247.55
2020-10-01,11416.95
2020-10-05,11503.35
2020-10-06,11662.4
2020-10-07,11738.85
2020-10-08,11834.6
2020-10-09,11914.2
2020-10-12,11930.95
2020-10-13,11934.5
2020-10-14,11971.05
2020-10-15,11680.35
2020-10-16,11762.45
2020-10-19,11873.05
2020-10-20,11896.8
2020-10-21,11937.65
2020-10-22,11896.45
2020-10-23,11930.35
2020-10-26,11767.75
2020-10-27,11889.4
2020-10-28,11729.6
2020-10-29,11670.8
2020-10-30,11642.4
2020-11-02,11669.15
2020-11-03,11813.5
2020-11-04,11908.5
2020-11-05,12120.3
2020-11-06,12263.55
2020-11-09,12461.05
2020-11-10,12631.1
2020-11-11,12749.15
2020-11-12,12690.8
2020-11-13,12719.95
2020-11-14,12780.25
2020-11-17,12874.2
2020-11-18,12938.25
2020-11-19,12771.7
2020-11-20,12859.05
2020-11-23,12926.45
2020-11-24,13055.15
2020-11-25,12858.4
2020-11-26,12987.0
2020-11-27,12968.95
2020-12-01,13109.05
2020-12-02,13113.75
2020-12-03,13133.9
2020-12-04,13258.55
2020-12-07,13355.75
2020-12-08,13392.95
2020-12-09,13529.1
2020-12-10,13478.3
2020-12-11,13513.85
2020-12-14,13558.15
2020-12-15,13567.85
2020-12-16,13682.7
2020-12-17,13740.7
2020-12-18,13760.55
2020-12-21,13328.4
2020-12-22,13466.3
2020-12-23,13601.1
2020-12-24,13749.25
2020-12-28,13873.2
2020-12-29,13932.6
2020-12-30,13981.95
2020-12-31,13981.75
2021-01-01,14018.5
2021-01-04,14132.9
2021-01-05,14199.5
2021-01-06,14146.25
2021-01-07,14137.35
2021-01-08,14347.25
2021-01-11,14484.75
2021-01-12,14563.45
2021-01-13,14564.85
2021-01-14,14595.6
2021-01-15,14433.7
2021-01-18,14281.3
2021-01-19,14521.15
2021-01-20,14644.7
2021-01-21,14590.35
2021-01-22,14371.9
2021-01-25,14238.9
2021-01-27,13967.5
2021-01-28,13817.55
2021-01-29,13634.6
2021-02-01,14281.2
2021-02-02,14647.85
2021-02-03,14789.95
2021-02-04,14895.65
2021-02-05,14924.25
2021-02-08,15115.8
2021-02-09,15109.3
2021-02-10,15106.5
2021-02-11,15173.3
2021-02-12,15163.3
2021-02-15,15314.7
2021-02-16,15313.45
2021-02-17,15208.9
2021-02-18,15118.95
2021-02-19,14981.75
2021-02-22,14675.7
2021-02-23,14707.8
2021-02-24,14982.0
2021-02-25,15097.35
2021-02-26,14529.15
2021-03-01,14761.55
2021-03-02,14919.1
2021-03-03,15245.6
2021-03-04,15080.75
2021-03-05,14938.1
2021-03-08,14956.2
2021-03-09,15098.4
2021-03-10,15174.8
2021-03-12,15030.95
2021-03-15,14929.5
2021-03-16,14910.45
2021-03-17,14721.3
2021-03-18,14557.85
2021-03-19,14744.0
2021-03-22,14736.4
2021-03-23,14814.75
2021-03-24,14549.4
2021-03-25,14324.9
2021-03-26,14507.3
2021-03-30,14845.1
2021-03-31,14690.7
2021-04-01,14867.35
2021-04-05,14637.8
2021-04-06,14683.5
2021-04-07,14819.05
2021-04-08,14873.8
2021-04-09,14834.85
2021-04-12,14310.8
2021-04-13,14504.8
2021-04-15,14581.45
2021-04-16,14617.85
2021-04-19,14359.45
2021-04-20,14296.4
2021-04-22,14406.15
2021-04-23,14341.35
2021-04-26,14485.0
2021-04-27,14653.05
2021-04-28,14864.55
2021-04-29,14894.9
2021-04-30,14631.1
2021-05-03,14634.15
2021-05-04,14496.5
2021-05-05,14617.85
2021-05-06,14724.8
2021-05-07,14823.15
2021-05-10,14942.35
2021-05-11,14850.75
2021-05-12,14696.5
2021-05-14,14677.8
2021-05-17,14923.15
2021-05-18,15108.1
2021-05-19,15030.15
2021-05-20,14906.05
2021-05-21,15175.3
2021-05-24,15197.7
2021-05-25,15208.45
2021-05-26,15301.45
2021-05-27,15337.85
2021-05-28,15435.65
2021-05-31,15582.8
2021-06-01,15574.85
2021-06-02,15576.2
2021-06-03,15690.35
2021-06-04,15670.25
2021-06-07,15751.65
2021-06-08,15740.1
2021-06-09,15635.35
2021-06-10,15737.75
2021-06-11,15799.35
2021-06-14,15811.85
2021-06-15,15869.25
2021-06-16,15767.55
2021-06-17,15691.4
2021-06-18,15683.35
2021-06-21,15746.5
2021-06-22,15772.75
2021-06-23,15686.95
2021-06-24,15790.45
2021-06-25,15860.35
2021-06-28,15814.7
2021-06-29,15748.45
2021-06-30,15721.5
2021-07-01,15680.0
2021-07-02,15722.2
2021-07-05,15834.35
2021-07-06,15818.25
2021-07-07,15879.65
2021-07-08,15727.9
2021-07-09,15689.8
2021-07-12,15692.6
2021-07-13,15812.35
2021-07-14,15853.95
2021-07-15,15924.2
2021-07-16,15923.4
2021-07-19,15752.4
2021-07-20,15632.1
2021-07-22,15824.05
2021-07-23,15856.05
2021-07-26,15824.45
2021-07-27,15746.45
2021-07-28,15709.4
2021-07-29,15778.45
2021-07-30,15763.05
2021-08-02,15885.15
2021-08-03,16130.75
2021-08-04,16258.8
2021-08-05,16294.6
2021-08-06,16238.2
2021-08-09,16258.25
2021-08-10,16280.1
2021-08-11,16282.25
2021-08-12,16364.4
2021-08-13,16529.1
2021-08-16,16563.05
2021-08-17,16614.6
2021-08-18,16568.85
2021-08-20,16450.5
2021-08-23,16496.45
2021-08-24,16624.6
2021-08-25,16634.65
2021-08-26,16636.9
2021-08-27,16705.2
2021-08-30,16931.05
2021-08-31,17132.2
2021-09-01,17076.25
2021-09-02,17234.15
2021-09-03,17323.6
2021-09-06,17377.8
2021-09-07,17362.1
2021-09-08,17353.5
2021-09-09,17369.25
2021-09-13,17355.3
2021-09-14,17380.0
2021-09-15,17519.45
2021-09-16,17629.5
2021-09-17,17585.15
2021-09-20,17396.9
2021-09-21,17562.0
2021-09-22,17546.65
2021-09-23,17822.95
2021-09-24,17853.2
2021-09-27,17855.1
2021-09-28,17748.6
2021-09-29,17711.3
2021-09-30,17618.15
2021-10-01,17532.05
2021-10-04,17691.25
2021-10-05,17822.3
2021-10-06,17646.0
2021-10-07,17790.35
2021-10-08,17895.2
2021-10-11,17945.95
2021-10-12,17991.95
2021-10-13,18161.75
2021-10-14,18338.55
2021-10-18,18477.05
2021-10-19,18418.75
2021-10-20,18266.6
2021-10-21,18178.1
2021-10-22,18114.9
2021-10-25,18125.4
2021-10-26,18268.4
2021-10-27,18210.95
2021-10-28,17857.25
2021-10-29,17671.65
2021-11-01,17929.65
2021-11-02,17888.95
2021-11-03,17829.2
2021-11-04,17916.8
2021-11-08,18068.55
2021-11-09,18044.25
2021-11-10,18017.2
2021-11-11,17873.6
2021-11-12,18102.75
2021-11-15,18109.45
2021-11-16,17999.2
2021-11-17,17898.65
2021-11-18,17764.8
2021-11-22,17416.55
2021-11-23,17503.35
2021-11-24,17415.05
2021-11-25,17536.25
2021-11-26,17026.45
2021-11-29,17053.95
2021-11-30,16983.2
2021-12-01,17166.9
2021-12-02,17401.65
2021-12-03,17196.7
2021-12-06,16912.25
2021-12-07,17176.7
2021-12-08,17469.75
2021-12-09,17516.85
2021-12-10,17511.3
2021-12-13,17368.25
2021-12-14,17324.9
2021-12-15,17221.4
2021-12-16,17248.4
2021-12-17,16985.2
2021-12-20,16614.2
2021-12-21,16770.85
2021-12-22,16955.45
2021-12-23,17072.6
2021-12-24,17003.75
2021-12-27,17086.25
2021-12-28,17233.25
2021-12-29,17213.6
2021-12-30,17203.95
2021-12-31,17354.05
2022-01-03,17625.7
2022-01-04,17805.25
2022-01-05,17925.25
2022-01-06,17745.9
2022-01-07,17812.7
2022-01-10,18003.3
2022-01-11,18055.75
2022-01-12,18212.35
2022-01-13,18257.8
2022-01-14,18255.75
2022-01-17,18308.1
2022-01-18,18113.05
2022-01-19,17938.4
2022-01-20,17757.0
2022-01-21,17617.15
2022-01-24,17149.1
2022-01-25,17277.95
2022-01-27,17110.15
2022-01-28,17101.95
2022-01-31,17339.85
2022-02-01,17576.85
2022-02-02,17780.0
2022-02-03,17560.2
2022-02-04,17516.3
2022-02-07,17213.6
2022-02-08,17266.75
2022-02-09,17463.8
2022-02-10,17605.85
2022-02-11,17374.75
2022-02-14,16842.8
2022-02-15,17352.45
2022-02-16,17322.2
2022-02-17,17304.6
2022-02-18,17276.3
2022-02-21,17206.65
2022-02-22,17092.2
2022-02-23,17063.25
2022-02-24,16247.95
2022-02-25,16658.4
2022-02-28,16793.9
2022-03-02,16605.95
2022-03-03,16498.05
2022-03-04,16245.35
2022-03-07,15863.15
2022-03-08,16013.45
2022-03-09,16345.35
2022-03-10,16594.9
2022-03-11,16630.45
2022-03-14,16871.3
2022-03-15,16663.0
2022-03-16,16975.35
2022-03-17,17287.05
2022-03-21,17117.6
2022-03-22,17315.5
2022-03-23,17245.65
2022-03-24,17222.75
2022-03-25,17153.0
2022-03-28,17222.0
2022-03-29,17325.3
2022-03-30,17498.25
2022-03-31,17464.75
2022-04-01,17670.45
2022-04-04,18053.4
2022-04-05,17957.4
2022-04-06,17807.65
2022-04-07,17639.55
2022-04-08,17784.35
2022-04-11,17674.95
2022-04-12,17530.3
2022-04-13,17475.65
2022-04-18,17173.65
2022-04-19,16958.65
2022-04-20,17136.55
2022-04-21,17392.6
2022-04-22,17171.95
2022-04-25,16953.95
2022-04-26,17200.8
2022-04-27,17038.4
2022-04-28,17245.05
2022-04-29,17102.55
2022-05-02,17069.1
2022-05-04,16677.6
2022-05-05,16682.65
2022-05-06,16411.25
2022-05-09,16301.85
2022-05-10,16240.05
2022-05-11,16167.1
2022-05-12,15808.0
2022-05-13,15782.15
2022-05-16,15842.3
2022-05-17,16259.3
2022-05-18,16240.3
2022-05-19,15809.4
2022-05-20,16266.15
2022-05-23,16214.7
2022-05-24,16125.15
2022-05-25,16025.8
2022-05-26,16170.15
2022-05-27,16352.45
2022-05-30,16661.4
2022-05-31,16584.55
2022-06-01,16522.75
2022-06-02,16628.0
2022-06-03,16584.3
2022-06-06,16569.55
2022-06-07,16416.35
2022-06-08,16356.25
2022-06-09,16478.1
2022-06-10,16201.8
2022-06-13,15774.4
2022-06-14,15732.1
2022-06-15,15692.15
2022-06-16,15360.6
2022-06-17,15293.5
2022-06-20,15350.15
2022-06-21,15638.8
2022-06-22,15413.3
2022-06-23,15556.65
2022-06-24,15699.25
2022-06-27,15832.05
2022-06-28,15850.2
2022-06-29,15799.1
2022-06-30,15780.25
2022-07-01,15752.05
2022-07-04,15835.35
2022-07-05,15810.85
2022-07-06,15989.8
2022-07-07,16132.9
2022-07-08,16220.6
2022-07-11,16216.0
2022-07-12,16058.3
2022-07-13,15966.65
2022-07-14,15938.65
2022-07-15,16049.2
2022-07-18,16278.5
2022-07-19,16340.55
2022-07-20,16520.85
2022-07-21,16605.25
2022-07-22,16719.45
2022-07-25,16631.0
2022-07-26,16483.85
2022-07-27,16641.8
2022-07-28,16929.6
2022-07-29,17158.25
2022-08-01,17340.05
2022-08-02,17345.45
2022-08-03,17388.15
2022-08-04,17382.0
2022-08-05,17397.5
2022-08-08,17525.1
2022-08-10,17534.75
2022-08-11,17659.0
2022-08-12,17698.15
2022-08-16,17825.25
2022-08-17,17944.25
2022-08-18,17956.5
2022-08-19,17758.45
2022-08-22,17490.7
2022-08-23,17577.5
2022-08-24,17604.95
2022-08-25,17522.45
2022-08-26,17558.9
2022-08-29,17312.9
2022-08-30,17759.3
2022-09-01,17542.8
2022-09-02,17539.45
2022-09-05,17665.8
2022-09-06,17655.6
2022-09-07,17624.4
2022-09-08,17798.75
2022-09-09,17833.35
2022-09-12,17936.35
2022-09-13,18070.05
2022-09-14,18003.75
2022-09-15,17877.4
2022-09-16,17530.85
2022-09-19,17622.25
2022-09-20,17816.25
2022-09-21,17718.35
2022-09-22,17629.8
2022-09-23,17327.35
2022-09-26,17016.3
2022-09-27,17007.4
2022-09-28,16858.6
2022-09-29,16818.1
2022-09-30,17094.35
2022-10-03,16887.35
2022-10-04,17274.3
2022-10-06,17331.8
2022-10-07,17314.65
2022-10-10,17241.0
2022-10-11,16983.55
2022-10-12,17123.6
2022-10-13,17014.35
2022-10-14,17185.7
2022-10-17,17311.8
2022-10-18,17486.95
2022-10-19,17512.25
2022-10-20,17563.95
2022-10-21,17576.3
2022-10-24,17730.75
2022-10-25,17656.35
2022-10-27,17736.95
2022-10-28,17786.8
2022-10-31,18012.2
2022-11-01,18145.4
2022-11-02,18082.85
2022-11-03,18052.7
2022-11-04,18117.15
2022-11-07,18202.8
2022-11-09,18157.0
2022-11-10,18028.2
2022-11-11,18349.7
2022-11-14,18329.15
2022-11-15,18403.4
2022-11-16,18409.65
2022-11-17,18343.9
2022-11-18,18307.65
2022-11-21,18159.95
2022-11-22,18244.2
2022-11-23,18267.25
2022-11-24,18484.1
2022-11-25,18512.75
2022-11-28,18562.75
2022-11-29,18618.05
2022-11-30,18758.35
2022-12-01,18812.5
2022-12-02,18696.1
2022-12-05,18701.05
2022-12-06,18642.75
2022-12-07,18560.5
2022-12-08,18609.35
2022-12-09,18496.6
2022-12-12,18497.15
2022-12-13,18608.0
2022-12-14,18660.3
2022-12-15,18414.9
2022-12-16,18269.0
2022-12-19,18420.45
2022-12-20,18385.3
2022-12-21,18199.1
2022-12-22,18127.35
2022-12-23,17806.8
2022-12-26,18014.6
2022-12-27,18132.3
2022-12-28,18122.5
2022-12-29,18191.0
2022-12-30,18105.3
2023-01-02,18197.45
2023-01-03,18232.55
2023-01-04,18042.95
2023-01-05,17992.15
2023-01-06,17859.45
2023-01-09,18101.2
2023-01-10,17914.15
2023-01-11,17895.7
2023-01-12,17858.2
2023-01-13,17956.6
2023-01-16,17894.85
2023-01-17,18053.3
2023-01-18,18165.35
2023-01-19,18107.85
2023-01-20,18027.65
2023-01-23,18118.55
2023-01-24,18118.3
2023-01-25,17891.95
2023-01-27,17604.35
2023-01-30,17648.95
2023-01-31,17662.15
2023-02-01,17616.3
2023-02-02,17610.4
2023-02-03,17854.05
2023-02-06,17764.6
2023-02-07,17721.5
2023-02-08,17871.7
2023-02-09,17893.45
2023-02-10,17856.5
2023-02-13,17770.9
2023-02-14,17929.85
2023-02-15,18015.85
2023-02-16,18035.85
2023-02-17,17944.2
2023-02-20,17844.6
2023-02-21,17826.7
2023-02-22,17554.3
2023-02-23,17511.25
2023-02-24,17465.8
2023-02-27,17392.7
2023-02-28,17303.95
2023-03-01,17450.9
2023-03-02,17321.9
2023-03-03,17594.35
2023-03-06,17711.45
2023-03-08,17754.4
2023-03-09,17589.6
2023-03-10,17412.9
2023-03-13,17154.3
2023-03-14,17043.3
2023-03-15,16972.15
2023-03-16,16985.6
2023-03-17,17100.05
2023-03-20,16988.4
2023-03-21,17107.5
2023-03-22,17151.9
2023-03-23,17076.9
2023-03-24,16945.05
2023-03-27,16985.7
2023-03-28,16951.7
2023-03-29,17080.7
2023-03-31,17359.75
2023-04-03,17398.05
2023-04-05,17557.05
2023-04-06,17599.15
2023-04-10,17624.05
2023-04-11,17722.3
2023-04-12,17812.4
2023-04-13,17828.0
2023-04-17,17706.85
2023-04-18,17660.15
2023-04-19,17618.75
2023-04-20,17624.45
2023-04-21,17624.05
2023-04-24,17743.4
2023-04-25,17769.25
2023-04-26,17813.6
2023-04-27,17915.05
2023-04-28,18065.0
2023-05-02,18147.65
2023-05-03,18089.85
2023-05-04,18255.8
2023-05-05,18069.0
2023-05-08,18264.4
2023-05-09,18265.95
2023-05-10,18315.1
2023-05-11,18297.0
2023-05-12,18314.8
2023-05-15,18398.85
2023-05-16,18286.5
2023-05-17,18181.75
2023-05-18,18129.95
2023-05-19,18203.4
2023-05-22,18314.4
2023-05-23,18348.0
2023-05-24,18285.4
2023-05-25,18321.15
2023-05-26,18499.35
2023-05-29,18598.65
2023-05-30,18633.85
2023-05-31,18534.4
2023-06-01,18487.75
2023-06-02,18534.1
2023-06-05,18593.85
2023-06-06,18599.0
2023-06-07,18726.4
2023-06-08,18634.55
2023-06-09,18563.4
2023-06-12,18601.5
2023-06-13,18716.15
2023-06-14,18755.9
2023-06-15,18688.1
2023-06-16,18826.0
2023-06-19,18755.45
2023-06-20,18816.7
2023-06-21,18856.85
2023-06-22,18771.25
2023-06-23,18665.5
2023-06-26,18691.2
2023-06-27,18817.4
2023-06-28,18972.1
2023-06-30,19189.05
2023-07-03,19322.55
2023-07-04,19389.0
2023-07-05,19398.5
2023-07-06,19497.3
2023-07-07,19331.8
2023-07-10,19355.9
2023-07-11,19439.4
2023-07-12,19384.3
2023-07-13,19413.75
2023-07-14,19564.5
2023-07-17,19711.45
2023-07-18,19749.25
2023-07-19,19833.15
2023-07-20,19979.15
2023-07-21,19745.0
2023-07-24,19672.35
2023-07-25,19680.6
2023-07-26,19778.3
2023-07-27,19659.9
2023-07-28,19646.05
2023-07-31,19753.8
2023-08-01,19733.55
2023-08-02,19526.55
2023-08-03,19381.65
2023-08-04,19517.0
2023-08-07,19597.3
2023-08-08,19570.85
2023-08-09,19632.55
2023-08-10,19543.1
2023-08-11,19428.3
2023-08-14,19434.55
2023-08-16,19465.0
2023-08-17,19365.25
2023-08-18,19310.15
2023-08-21,19393.6
2023-08-22,19396.45
2023-08-23,19444.0
2023-08-24,19386.7
2023-08-25,19265.8
2023-08-28,19306.05
2023-08-29,19342.65
2023-08-30,19347.45
2023-08-31,19253.8
2023-09-01,19435.3
2023-09-04,19528.8
2023-09-05,19574.9
2023-09-06,19611.05
2023-09-07,19727.05
2023-09-08,19819.95
2023-09-11,19996.35
2023-09-12,19993.2
2023-09-13,20070.0
2023-09-14,20103.1
2023-09-15,20192.35
2023-09-18,20133.3
2023-09-20,19901.4
2023-09-21,19742.35
2023-09-22,19674.25
2023-09-25,19674.55
2023-09-26,19664.7
2023-09-27,19716.45
2023-09-28,19523.55
2023-09-29,19638.3
2023-10-03,19528.75
2023-10-04,19436.1
2023-10-05,19545.75
2023-10-06,19653.5
2023-10-09,19512.35
2023-10-10,19689.85
2023-10-11,19811.35
2023-10-12,19794.0
2023-10-13,19751.05
2023-10-16,19731.75
2023-10-17,19811.5
2023-10-18,19671.1
2023-10-19,19624.7
2023-10-20,19542.65
2023-10-23,19281.75
2023-10-25,19122.15
2023-10-26,18857.25
2023-10-27,19047.25
2023-10-30,19140.9
2023-10-31,19079.6
2023-11-01,18989.15
2023-11-02,19133.25
2023-11-03,19230.6
2023-11-06,19411.75
2023-11-07,19406.7
2023-11-08,19443.5
2023-11-09,19395.3
2023-11-10,19425.35
2023-11-12,19525.55
2023-11-13,19443.55
2023-11-15,19675.45
2023-11-16,19765.2
2023-11-17,19731.8
2023-11-20,19694.0
2023-11-21,19783.4
2023-11-22,19811.85
2023-11-23,19802.0
2023-11-24,19794.7
2023-11-28,19889.7
2023-11-29,20096.6
2023-11-30,20133.15
2023-12-01,20267.9
2023-12-04,20686.8
2023-12-05,20855.1
2023-12-06,20937.7
2023-12-07,20901.15
2023-12-08,20969.4
2023-12-11,20997.1
2023-12-12,20906.4
2023-12-13,20926.35
2023-12-14,21182.7
2023-12-15,21456.65
2023-12-18,21418.65
2023-12-19,21453.1
2023-12-20,21150.15
2023-12-21,21255.05
2023-12-22,21349.4
2023-12-26,21441.35
2023-12-27,21654.75
2023-12-28,21778.7
2023-12-29,21731.4
2024-01-01,21741.9
2024-01-02,21665.8
2024-01-03,21517.35
2024-01-04,21658.6
2024-01-05,21710.8
2024-01-08,21513.0
2024-01-09,21544.85
2024-01-10,21618.7
2024-01-11,21647.2
2024-01-12,21894.55
2024-01-15,22097.45
2024-01-16,22032.3
2024-01-17,21571.95
2024-01-18,21462.25
2024-01-19,21622.4
2024-01-20,21571.8
2024-01-23,21238.8
2024-01-24,21453.95
2024-01-25,21352.6
2024-01-29,21737.6
2024-01-30,21522.1
2024-01-31,21725.7
2024-02-01,21697.45
2024-02-02,21853.8
2024-02-05,21771.7
2024-02-06,21929.4
2024-02-07,21930.5
2024-02-08,21717.95
2024-02-09,21782.5
2024-02-12,21616.05
2024-02-13,21743.25
2024-02-14,21840.05
2024-02-15,21910.75
2024-02-16,22040.7
2024-02-19,22122.25
2024-02-20,22196.95
2024-02-21,22055.05
2024-02-22,22217.45
2024-02-23,22212.7
2024-02-26,22122.05
2024-02-27,22198.35
2024-02-28,21951.15
2024-02-29,21982.8
2024-03-01,22338.75
2024-03-02,22378.4
2024-03-04,22405.6
2024-03-05,22356.3
2024-03-06,22474.05
2024-03-07,22493.55
2024-03-11,22332.65
2024-03-12,22335.7
2024-03-13,21997.7
2024-03-14,22146.65
2024-03-15,22023.35
2024-03-18,22055.7
2024-03-19,21817.45
2024-03-20,21839.1
2024-03-21,22011.95
2024-03-22,22096.75
2024-03-26,22004.7
2024-03-27,22123.65
2024-03-28,22326.9
2024-04-01,22462.0
2024-04-02,22453.3
2024-04-03,22434.65
2024-04-04,22514.65
2024-04-05,22513.7
2024-04-08,22666.3
2024-04-09,22642.75
2024-04-10,22753.8
2024-04-12,22519.4
2024-04-15,22272.5
2024-04-16,22147.9
2024-04-18,21995.85
2024-04-19,22147.0
2024-04-22,22336.4
2024-04-23,22368.0
2024-04-24,22402.4
2024-04-25,22570.35
2024-04-26,22419.95
2024-04-29,22643.4
2024-04-30,22604.85
2024-05-02,22648.2
2024-05-03,22475.85
2024-05-06,22442.7
2024-05-07,22302.5
2024-05-08,22302.5
2024-05-09,21957.5
2024-05-10,22055.2
2024-05-13,22104.05
2024-05-14,22217.85
2024-05-15,22200.55
2024-05-16,22403.85
2024-05-17,22466.1
2024-05-18,22502.0
2024-05-21,22529.05
2024-05-22,22597.8
2024-05-23,22967.65
2024-05-24,22957.1
2024-05-27,22932.45
2024-05-28,22888.15
2024-05-29,22704.7
2024-05-30,22488.65
2024-05-31,22530.7
2024-06-03,23263.9
2024-06-04,21884.5
2024-06-05,22620.35
2024-06-06,22821.4
2024-06-07,23290.15
2024-06-10,23259.2
2024-06-11,23264.85
2024-06-12,23322.95
2024-06-13,23398.9
2024-06-14,23465.6
2024-06-18,23557.9
2024-06-19,23516.0
2024-06-20,23567.0
2024-06-21,23501.1
2024-06-24,23537.85
2024-06-25,23721.3
2024-06-26,23868.8
2024-06-27,24044.5
2024-06-28,24010.6
2024-07-01,24141.95
2024-07-02,24123.85
2024-07-03,24286.5
2024-07-04,24302.15
2024-07-05,24323.85
2024-07-08,24320.55
2024-07-09,24433.2
2024-07-10,24324.45
2024-07-11,24315.95
2024-07-12,24502.15
2024-07-15,24586.7
2024-07-16,24613.0
2024-07-18,24800.85
2024-07-19,24530.9
2024-07-22,24509.25
2024-07-23,24479.05
2024-07-24,24413.5
2024-07-25,24406.1
2024-07-26,24834.85
2024-07-29,24836.1
2024-07-30,24857.3
2024-07-31,24951.15
2024-08-01,25010.9
2024-08-02,24717.7
2024-08-05,24055.6
2024-08-06,23992.55
2024-08-07,24297.5
2024-08-08,24117.0
2024-08-09,24367.5
2024-08-12,24347.0
2024-08-13,24139.0
2024-08-14,24143.75
2024-08-16,24541.15
2024-08-19,24572.65
2024-08-20,24698.85
2024-08-21,24770.2
2024-08-22,24811.5
2024-08-23,24823.15
2024-08-26,25010.6
2024-08-27,25017.75
2024-08-28,25052.35
2024-08-29,25151.95
2024-08-30,25235.9
2024-09-02,25278.7
2024-09-03,25279.85
2024-09-04,25198.7
2024-09-05,25145.1
2024-09-06,24852.15
2024-09-09,24936.4
2024-09-10,25041.1
2024-09-11,24918.45
2024-09-12,25388.9
2024-09-13,25356.5
2024-09-16,25383.75
2024-09-17,25418.55
2024-09-18,25377.55
2024-09-19,25415.8
2024-09-20,25790.95
2024-09-23,25939.05
2024-09-24,25940.4
2024-09-25,26004.15
2024-09-26,26216.05
2024-09-27,26178.95
2024-09-30,25810.85
2024-10-01,25796.9
2024-10-03,25250.1
2024-10-04,25014.6
2024-10-07,24795.75
2024-10-08,25013.15
2024-10-09,24981.95
2024-10-10,24998.45
2024-10-11,24964.25
2024-10-14,25127.95
2024-10-15,25057.35
2024-10-16,24971.3
2024-10-17,24749.85
2024-10-18,24854.05
2024-10-21,24781.1
2024-10-22,24472.1
2024-10-23,24435.5
2024-10-24,24399.4
2024-10-25,24180.8
2024-10-28,24339.15
2024-10-29,24466.85
2024-10-30,24340.85
2024-10-31,24205.35
2024-11-01,24304.35
2024-11-04,23995.35
2024-11-05,24213.3
2024-11-06,24484.05
2024-11-07,24199.35
2024-11-08,24148.2
2024-11-11,24141.3
2024-11-12,23883.45
2024-11-13,23559.05
2024-11-14,23532.7
2024-11-18,23453.8
2024-11-19,23518.5
2024-11-21,23349.9
2024-11-22,23907.25
2024-11-25,24221.9
2024-11-26,24194.5
2024-11-27,24274.9
2024-11-28,23914.15
2024-11-29,24131.1
2024-12-02,24276.05
2024-12-03,24457.15
2024-12-04,24467.45
2024-12-05,24708.4
2024-12-06,24677.8
2024-12-09,24619.0
2024-12-10,24610.05
2024-12-11,24641.8
2024-12-12,24548.7
2024-12-13,24768.3
2024-12-16,24668.25
2024-12-17,24336.0
2024-12-18,24198.85
2024-12-19,23951.7
2024-12-20,23587.5
2024-12-23,23753.45
2024-12-24,23727.65
2024-12-26,23750.2
2024-12-27,23813.4
2024-12-30,23644.9
2024-12-31,23644.8
2025-01-01,23742.9
2025-01-02,24188.65
2025-01-03,24004.75
2025-01-06,23616.05
2025-01-07,23707.9
2025-01-08,23688.95
2025-01-09,23526.5
2025-01-10,23431.5
2025-01-13,23085.95
2025-01-14,23176.05
2025-01-15,23213.2
2025-01-16,23311.8
2025-01-17,23203.2
2025-01-20,23344.75
2025-01-21,23024.65
2025-01-22,23155.35
2025-01-23,23205.35
2025-01-24,23092.2
2025-01-27,22829.15
2025-01-28,22957.25
2025-01-29,23163.1
2025-01-30,23249.5
2025-01-31,23508.4
2025-02-01,23482.15
2025-02-03,23361.05
2025-02-04,23739.25
2025-02-05,23696.3
2025-02-06,23603.35
2025-02-07,23559.95
2025-02-10,23381.6
2025-02-11,23071.8
2025-02-12,23045.25
2025-02-13,23031.4
2025-02-14,22929.25
2025-02-17,22959.5
2025-02-18,22945.3
2025-02-19,22932.9
2025-02-20,22913.15
2025-02-21,22795.9
2025-02-24,22553.35
2025-02-25,22547.55
2025-02-27,22545.05
2025-02-28,22124.7
2025-03-03,22119.3
2025-03-04,22082.65
2025-03-05,22337.3
2025-03-06,22544.7
2025-03-07,22552.5
2025-03-10,22460.3
2025-03-11,22497.9
2025-03-12,22470.5
2025-03-13,22397.2
2025-03-17,22508.75
2025-03-18,22834.3
2025-03-19,22907.6
2025-03-20,23190.65
2025-03-21,23350.4
2025-03-24,23658.35
2025-03-25,23668.65
2025-03-26,23486.85
2025-03-27,23591.95
2025-03-28,23519.35
2025-04-01,23165.7
2025-04-02,23332.35
2025-04-03,23250.1
2025-04-04,22904.45
2025-04-07,22161.6
2025-04-08,22535.85
2025-04-09,22399.15
2025-04-11,22828.55
2025-04-15,23328.55
2025-04-16,23437.2
2025-04-17,23851.65
2025-04-21,24125.55
2025-04-22,24167.25
2025-04-23,24328.95
2025-04-24,24246.7
2025-04-25,24039.35
2025-04-28,24328.5
2025-04-29,24335.95
2025-04-30,24334.2
2025-05-02,24346.7
2025-05-05,24461.15
2025-05-06,24379.6
2025-05-07,24414.4
2025-05-08,24273.8
2025-05-09,24008.0
2025-05-12,24924.7
2025-05-13,24578.35
2025-05-14,24666.9
2025-05-15,25062.1
2025-05-16,25019.8
2025-05-19,24945.45
2025-05-20,24683.9
2025-05-21,24813.45
2025-05-22,24609.7
2025-05-23,24853.15
2025-05-26,25001.15
2025-05-27,24826.2
2025-05-28,24752.45
2025-05-29,24833.6
2025-05-30,24750.7
2025-06-02,24716.6
2025-06-03,24542.5
2025-06-04,24620.2
2025-06-05,24750.9
2025-06-06,25003.05
2025-06-09,25103.2
2025-06-10,25104.25
2025-06-11,25141.4
2025-06-12,24888.2
2025-06-13,24718.6
2025-06-16,24946.5
2025-06-17,24853.4
2025-06-18,24812.05
2025-06-19,24793.25
2025-06-20,25112.4
2025-06-23,24971.9
2025-06-24,25044.35
2025-06-25,25244.75
2025-06-26,25549.0
2025-06-27,25637.8
2025-06-30,25517.05
2025-07-01,25541.8
2025-07-02,25453.4
2025-07-03,25405.3
2025-07-04,25461.0
2025-07-07,25461.3
2025-07-08,25522.5
2025-07-09,25476.1
2025-07-10,25355.25
2025-07-11,25149.85
2025-07-14,25082.3
2025-07-15,25195.8
2025-07-16,25212.05
2025-07-17,25111.45
2025-07-18,24968.4
2025-07-21,25090.7
2025-07-22,25060.9
2025-07-23,25219.9
2025-07-24,25062.1
2025-07-25,24837.0
2025-07-28,24680.9
2025-07-29,24821.1
2025-07-30,24855.05
2025-07-31,24768.35
2025-08-01,24565.35
2025-08-04,24722.75
2025-08-05,24649.55
2025-08-06,24574.2
2025-08-07,24596.15
2025-08-08,24363.3
2025-08-11,24585.05
2025-08-12,24487.4
2025-08-13,24619.35
2025-08-14,24631.3
2025-08-18,24876.95
2025-08-19,24980.65
2025-08-20,25050.55
2025-08-21,25083.75
2025-08-22,24870.1
2025-08-25,24967.75
2025-08-26,24712.05
2025-08-28,24500.9
2025-08-29,24426.85
2025-09-01,24625.05
2025-09-02,24579.6
2025-09-03,24715.05
2025-09-04,24734.3
2025-09-05,24741.0
2025-09-08,24773.15
2025-09-09,24868.6
2025-09-10,24973.1
2025-09-11,25005.5
2025-09-12,25114.0
2025-09-15,25069.2
2025-09-16,25239.1
2025-09-17,25330.25
2025-09-18,25423.6
2025-09-19,25327.05
2025-09-22,25202.35
2025-09-23,25169.5
2025-09-24,25056.9
2025-09-25,24890.85
2025-09-26,24654.7
2025-09-29,24634.9
2025-09-30,24611.1
2025-10-01,24836.3
2025-10-03,24894.25
2025-10-06,25077.65
2025-10-07,25108.3
2025-10-08,25046.15
2025-10-09,25181.8
2025-10-10,25285.35
2025-10-13,25227.35
2025-10-14,25145.5
2025-10-15,25323.55
2025-10-16,25585.3
2025-10-17,25709.85
2025-10-20,25843.15
2025-10-21,25868.6
2025-10-23,25891.4
2025-10-24,25795.15
2025-10-27,25966.05
2025-10-28,25936.2
2025-10-29,26053.9
2025-10-30,25877.85
2025-10-31,25722.1
2025-11-03,25763.35
2025-11-04,25597.65
2025-11-06,25509.7
2025-11-07,25492.3
2025-11-10,25574.35
2025-11-11,25694.95
2025-11-12,25875.8
2025-11-13,25879.15
2025-11-14,25910.05
2025-11-17,26013.45
2025-11-18,25910.05
2025-11-19,26052.65
2025-11-20,26192.15
2025-11-21,26068.15
2025-11-24,25959.5
2025-11-25,25884.8
2025-11-26,26205.3
2025-11-27,26215.55
2025-11-28,26202.95
2025-12-01,26175.75
2025-12-02,26032.2
2025-12-03,25986.0
2025-12-04,26033.75
2025-12-05,26186.45
2025-12-08,25960.55
2025-12-09,25839.65
2025-12-10,25758.0
2025-12-11,25898.55
2025-12-12,26046.95
2025-12-15,26027.3
2025-12-16,25860.1
2025-12-17,25818.55
2025-12-18,25815.55
2025-12-19,25966.4
2025-12-22,26172.4
2025-12-23,26177.15
2025-12-24,26142.1
2025-12-26,26042.3
2025-12-29,25942.1
2025-12-30,25938.85
2025-12-31,26129.6
2026-01-01,26146.55
2026-01-02,26328.55
2026-01-05,26250.3
2026-01-06,26178.7
2026-01-07,26140.75
2026-01-08,25876.85
2026-01-09,25683.3
2026-01-12,25790.25
2026-01-13,25732.3
2026-01-14,25665.6
2026-01-16,25694.35
2026-01-19,25585.5
2026-01-20,25232.5
2026-01-21,25157.5
2026-01-22,25289.9
2026-01-23,25048.65
2026-01-27,25175.4
2026-01-28,25342.75
2026-01-29,25418.9
2026-01-30,25320.65
2026-02-01,24825.45
2026-02-02,25088.4
2026-02-03,25727.55
2026-02-04,25776.0
2026-02-05,25642.8
2026-02-06,25693.7
2026-02-09,25867.3
2026-02-10,25935.15
2026-02-11,25953.85
2026-02-12,25807.2
2026-02-13,25471.1
2026-02-16,25682.75
2026-02-17,25725.4
2026-02-18,25819.35
2026-02-19,25454.35
2026-02-20,25571.25
2026-02-23,25713.0
2026-02-24,25424.65
